Model,Accuracy,Precision,Recall,Macro F1,Weighted F1,Train Time (s),Inference Time (s)
Dummy (Most-Frequent),0.2408551688176248,0.058011212346166546,0.2408551688176248,0.022835785292201895,0.09350198766781746,0.19,0.013
Multinomial Naive Bayes,0.6934037283274671,0.6889119473731509,0.6934037283274671,0.4306319576811494,0.6679067639506197,1.4,0.121
Logistic Regression,0.7126580628340503,0.7493028277445369,0.7126580628340503,0.5665106376042836,0.7227129177046044,155.11,0.154
Linear SVM,0.7277017338026333,0.7418545135515588,0.7277017338026333,0.5590648724744592,0.7327050190390516,272.82,0.092
